{
  "Precios" : {
    "M009" : 14,
    "M010" : 12,
    "M012" : 20,
    "M013" : 15,
    "P012" : 30,
    "P013" : 25
  },
  "Prendas" : {
    "M009" : {
      "l" : 4,
      "m" : 6,
      "s" : 8,
      "xl" : 3
    },
    "M010" : {
      "l" : 2,
      "m" : 4,
      "s" : 0,
      "xl" : 0
    },
    "M012" : {
      "l" : 1,
      "m" : 0,
      "s" : 0,
      "xl" : 8
    },
    "M013" : {
      "l" : 9,
      "m" : 6,
      "s" : 19,
      "xl" : 5
    },
    "P012" : {
      "l" : 6,
      "m" : 0,
      "s" : 12,
      "xl" : 4
    },
    "P013" : {
      "l" : 2,
      "m" : 4,
      "s" : 8,
      "xl" : 1
    }
  }
}
